{"cameraMode":{"drawMode":0,"name":"Shaded","section":"Shading Mode"},"sceneLighting":true,"audioPlay":false,"sceneViewState":{"showFog":true,"showMaterialUpdate":false,"showSkybox":true,"showFlares":true,"showImageEffects":true,"showParticleSystems":true},"in2DMode":false,"pivot":{"x":-2.5979065895080568,"y":0.7192291617393494,"z":-0.44801419973373415},"rotation":{"x":0.08250309526920319,"y":-0.3225191831588745,"z":0.028231004253029825,"w":0.9425480365753174},"size":6.230763912200928,"orthographic":false}