{"cameraMode":{"drawMode":0,"name":"Shaded","section":"Shading Mode"},"sceneLighting":true,"audioPlay":false,"sceneViewState":{"showFog":true,"showMaterialUpdate":false,"showSkybox":true,"showFlares":true,"showImageEffects":true,"showParticleSystems":true},"in2DMode":false,"pivot":{"x":-1.7570440769195557,"y":-2.845428943634033,"z":3.712509870529175},"rotation":{"x":0.19371354579925538,"y":-0.6774203181266785,"z":0.19209305942058564,"w":0.6831475496292114},"size":8.487556457519532,"orthographic":false}