{"cameraMode":{"drawMode":0,"name":"Shaded","section":"Shading Mode"},"sceneLighting":true,"audioPlay":false,"sceneViewState":{"showFog":true,"showMaterialUpdate":false,"showSkybox":true,"showFlares":true,"showImageEffects":true,"showParticleSystems":true},"in2DMode":false,"pivot":{"x":-4.373128890991211,"y":-0.6202391386032105,"z":2.340620517730713},"rotation":{"x":0.10531316697597504,"y":-0.36363837122917178,"z":0.04142921045422554,"w":0.924663782119751},"size":6.720810890197754,"orthographic":false}