{"count":1,"gauges":{},"self":46.0118848,"total":46.099236399999995,"children":{"AgentSendState":{"count":2237,"self":0.0319247,"total":0.0384592,"children":{"CollectObservations":{"count":224,"self":0.0055362,"total":0.0055362,"children":null},"CollectDiscreteActionMasks":{"count":224,"self":0.0009983,"total":0.0009983,"children":null}}},"DecideAction":{"count":2237,"self":0.0095221,"total":0.0095221,"children":null},"AgentAct":{"count":2237,"self":0.038373899999999996,"total":0.038373899999999996,"children":null}}}