{"count":1,"gauges":{"RobotBrain.CumulativeReward":{"count":23,"max":1,"min":-1,"value":-1,"weightedAverage":-0.71875}},"self":20.950471999999998,"total":21.4717308,"children":{"AgentSendState":{"count":1032,"self":0.014953999999999999,"total":0.0199471,"children":{"CollectObservations":{"count":104,"self":0.002995,"total":0.002995,"children":null},"CollectDiscreteActionMasks":{"count":104,"self":0.0019981,"total":0.0019981,"children":null}}},"DecideAction":{"count":1032,"self":0.47933319999999996,"total":0.47933319999999996,"children":null},"AgentAct":{"count":1032,"self":0.0209783,"total":0.0209783,"children":null}}}